Name,MotherName,DoB,PoB,AccStart,AccNo,Balance,Deposit
Tóth Péter,Hajagos Csilla,1959-11-01,Pilisszentlászló,1992-10-28,11773001-14569977,2150175,500000
Túrós Lukács,Hamza Olga,1951-02-28,Kiskunfélegyháza,1993-03-20,11758269-00001234,5300000,0
Törzsökné Balázs Emma,Hidvégi Judit,1966-10-22,Miskolc,1998-07-11,11773228-58736524,34528500,5700000
Kerekes Alfonz Imre,Török Tímea,1947-04-07,Budapest,2001-04-01,11773338-00052521,3358000,0
Imre Tibor,Huszár Erika,1995-10-13,Békésszentandrás,2004-01-09,11773555-98765221,804120,0
Tóth Péter,Bábik Zita,1983-01-17,Salgótarján,2007-12-07,10289631-20457001,4327870,250000
Acsádi Adél,Szabó Lívia,1982-06-11,Szeged,2015-09-17,18562463-84539557,17420150,730000
Lakos Pál,Béndek Magdolna,2001-08-20,Budapest,2019-05-02,20755369-36648524,1980744,2500000
